{
    "$schema": "https://schema.management.azure.com/schemas/2015-01-01/deploymentParameters.json#",
    "contentVersion": "1.0.0.0",
    "parameters": {
        "sites_duzlpar1_name": {
            "value": null
        },
        "sites_dubiparsejson_name": {
            "value": null
        },
        "sites_dublistparser_name": {
            "value": null
        },
        "connections_plumsail_name": {
            "value": null
        },
        "connections_sendgrid_name": {
            "value": null
        },
        "connections_plumsail_1_name": {
            "value": null
        },
        "connections_plumsail_2_name": {
            "value": null
        },
        "connections_plumsail_3_name": {
            "value": null
        },
        "connections_plumsail_4_name": {
            "value": null
        },
        "workflows_notifsender_name": {
            "value": null
        },
        "connections_azuretables_name": {
            "value": null
        },
        "components_duzlpar1_name": {
            "value": null
        },
        "serverfarms_CentralUSPlan_name": {
            "value": null
        },
        "workflows_deletelistings_name": {
            "value": null
        },
        "workflows_dubizzleparser_name": {
            "value": null
        },
        "workflows_getalllistings_name": {
            "value": null
        },
        "serverfarms_WestEuropePlan_name": {
            "value": null
        },
        "actionGroups_send_mail_name": {
            "value": null
        },
        "workflows_insertintousers_name": {
            "value": null
        },
        "components_dubiparsejson_name": {
            "value": null
        },
        "workflows_deletefromqueries_name": {
            "value": null
        },
        "workflows_InsertIntoQueries_name": {
            "value": null
        },
        "connections_conversionservice_name": {
            "value": null
        },
        "actionGroups_Migration_AG1_name": {
            "value": null
        },
        "actionGroups_Migration_AG2_name": {
            "value": null
        },
        "workflows_insertintoexecutions_name": {
            "value": null
        },
        "storageAccounts_duzlpar1bb99_name": {
            "value": null
        },
        "storageAccounts_dubiparsejson_name": {
            "value": null
        },
        "serverfarms_ASP_dubiparsejson_2f82_name": {
            "value": null
        },
        "storageAccounts_dublistparser94f7_name": {
            "value": null
        },
        "storageAccounts_parsemaplistingsdata_name": {
            "value": null
        },
        "sites_azure_table_storage_viewer_webapp4b8b_name": {
            "value": null
        },
        "actionRules_send_email_to_caglar_name": {
            "value": null
        },
        "serverfarms_azure_table_storage_viewer_webapp4b8b_name": {
            "value": null
        },
        "smartdetectoralertrules_failure_anomalies___duzlpar1_name": {
            "value": null
        },
        "smartdetectoralertrules_failure_anomalies___dubiparsejson_name": {
            "value": null
        },
        "actiongroups_send_20mail_externalid": {
            "value": null
        },
        "actiongroups_application_insights_smart_detection_externalid": {
            "value": null
        }
    }
}