{
    "$schema": "https://schema.management.azure.com/schemas/2015-01-01/deploymentParameters.json#",
    "contentVersion": "1.0.0.0",
    "parameters": {
        "sites_dubiparser_name": {
            "value": null
        },
        "connections_azuretables_name": {
            "value": null
        },
        "sites_DubiParserFunction_name": {
            "value": null
        },
        "components_dubiparser_name": {
            "value": null
        },
        "serverfarms_ASP_dubiparser_28a6_name": {
            "value": null
        },
        "components_dubiparserfunction_name": {
            "value": null
        },
        "workflows_DubizzleParserLogicApp_name": {
            "value": null
        },
        "storageAccounts_dubiparserstorage_name": {
            "value": null
        },
        "serverfarms_ASP_DubiParserFunction_5695_name": {
            "value": null
        },
        "smartdetectoralertrules_failure_anomalies___dubiparser_name": {
            "value": null
        },
        "smartdetectoralertrules_failure_anomalies___dubiparserfunction_name": {
            "value": null
        },
        "actiongroups_application_insights_smart_detection_externalid": {
            "value": null
        }
    }
}