{
    "$schema": "https://schema.management.azure.com/schemas/2019-04-01/deploymentTemplate.json#",
    "contentVersion": "1.0.0.0",
    "parameters": {
        "sites_dubiparser_name": {
            "defaultValue": "dubiparser",
            "type": "String"
        },
        "connections_azuretables_name": {
            "defaultValue": "azuretables",
            "type": "String"
        },
        "sites_DubiParserFunction_name": {
            "defaultValue": "DubiParserFunction",
            "type": "String"
        },
        "components_dubiparser_name": {
            "defaultValue": "dubiparser",
            "type": "String"
        },
        "serverfarms_ASP_dubiparser_28a6_name": {
            "defaultValue": "ASP-dubiparser-28a6",
            "type": "String"
        },
        "components_dubiparserfunction_name": {
            "defaultValue": "dubiparserfunction",
            "type": "String"
        },
        "workflows_DubizzleParserLogicApp_name": {
            "defaultValue": "DubizzleParserLogicApp",
            "type": "String"
        },
        "storageAccounts_dubiparserstorage_name": {
            "defaultValue": "dubiparserstorage",
            "type": "String"
        },
        "serverfarms_ASP_DubiParserFunction_5695_name": {
            "defaultValue": "ASP-DubiParserFunction-5695",
            "type": "String"
        },
        "smartdetectoralertrules_failure_anomalies___dubiparser_name": {
            "defaultValue": "failure anomalies - dubiparser",
            "type": "String"
        },
        "smartdetectoralertrules_failure_anomalies___dubiparserfunction_name": {
            "defaultValue": "failure anomalies - dubiparserfunction",
            "type": "String"
        },
        "actiongroups_application_insights_smart_detection_externalid": {
            "defaultValue": "/subscriptions/377e516c-fc36-4eb1-a32a-9cd7b4b3f125/resourceGroups/stopstartrg/providers/microsoft.insights/actiongroups/application insights smart detection",
            "type": "String"
        }
    },
    "variables": {},
    "resources": [
        {
            "type": "microsoft.insights/components",
            "apiVersion": "2020-02-02",
            "name": "[parameters('components_dubiparser_name')]",
            "location": "uaenorth",
            "kind": "web",
            "properties": {
                "Application_Type": "web",
                "RetentionInDays": 90,
                "IngestionMode": "ApplicationInsights",
                "publicNetworkAccessForIngestion": "Enabled",
                "publicNetworkAccessForQuery": "Enabled"
            }
        },
        {
            "type": "microsoft.insights/components",
            "apiVersion": "2020-02-02",
            "name": "[parameters('components_dubiparserfunction_name')]",
            "location": "uaenorth",
            "kind": "web",
            "properties": {
                "Application_Type": "web",
                "RetentionInDays": 90,
                "IngestionMode": "ApplicationInsights",
                "publicNetworkAccessForIngestion": "Enabled",
                "publicNetworkAccessForQuery": "Enabled"
            }
        },
        {
            "type": "Microsoft.Storage/storageAccounts",
            "apiVersion": "2021-09-01",
            "name": "[parameters('storageAccounts_dubiparserstorage_name')]",
            "location": "uaenorth",
            "sku": {
                "name": "Standard_LRS",
                "tier": "Standard"
            },
            "kind": "StorageV2",
            "properties": {
                "defaultToOAuthAuthentication": false,
                "minimumTlsVersion": "TLS1_2",
                "allowBlobPublicAccess": true,
                "allowSharedKeyAccess": true,
                "networkAcls": {
                    "bypass": "AzureServices",
                    "virtualNetworkRules": [],
                    "ipRules": [],
                    "defaultAction": "Allow"
                },
                "supportsHttpsTrafficOnly": true,
                "encryption": {
                    "services": {
                        "file": {
                            "keyType": "Account",
                            "enabled": true
                        },
                        "blob": {
                            "keyType": "Account",
                            "enabled": true
                        }
                    },
                    "keySource": "Microsoft.Storage"
                },
                "accessTier": "Hot"
            }
        },
        {
            "type": "Microsoft.Web/connections",
            "apiVersion": "2016-06-01",
            "name": "[parameters('connections_azuretables_name')]",
            "location": "uaenorth",
            "kind": "V1",
            "properties": {
                "displayName": "[parameters('connections_azuretables_name')]",
                "statuses": [
                    {
                        "status": "Connected"
                    }
                ],
                "customParameterValues": {},
                "nonSecretParameterValues": {
                    "storageaccount": "dubiparserstorage"
                },
                "createdTime": "2021-08-19T16:52:36.6007388Z",
                "changedTime": "2021-08-19T16:52:36.6007388Z",
                "api": {
                    "name": "[parameters('connections_azuretables_name')]",
                    "displayName": "Azure Table Storage",
                    "description": "Azure Table storage is a service that stores structured NoSQL data in the cloud, providing a key/attribute store with a schemaless design. Sign into your Storage account to create, update, and query tables and more.",
                    "iconUri": "[concat('https://connectoricons-prod.azureedge.net/releases/v1.0.1582/1.0.1582.2855/', parameters('connections_azuretables_name'), '/icon.png')]",
                    "brandColor": "#804998",
                    "id": "[concat('/subscriptions/377e516c-fc36-4eb1-a32a-9cd7b4b3f125/providers/Microsoft.Web/locations/uaenorth/managedApis/', parameters('connections_azuretables_name'))]",
                    "type": "Microsoft.Web/locations/managedApis"
                },
                "testLinks": [
                    {
                        "requestUri": "[concat('https://management.azure.com:443/subscriptions/377e516c-fc36-4eb1-a32a-9cd7b4b3f125/resourceGroups/dubiparser19082021/providers/Microsoft.Web/connections/', parameters('connections_azuretables_name'), '/extensions/proxy/testConnection?api-version=2016-06-01')]",
                        "method": "get"
                    }
                ]
            }
        },
        {
            "type": "Microsoft.Web/serverfarms",
            "apiVersion": "2021-03-01",
            "name": "[parameters('serverfarms_ASP_dubiparser_28a6_name')]",
            "location": "UAE North",
            "sku": {
                "name": "Y1",
                "tier": "Dynamic",
                "size": "Y1",
                "family": "Y",
                "capacity": 0
            },
            "kind": "functionapp",
            "properties": {
                "perSiteScaling": false,
                "elasticScaleEnabled": false,
                "maximumElasticWorkerCount": 1,
                "isSpot": false,
                "reserved": true,
                "isXenon": false,
                "hyperV": false,
                "targetWorkerCount": 0,
                "targetWorkerSizeId": 0,
                "zoneRedundant": false
            }
        },
        {
            "type": "Microsoft.Web/serverfarms",
            "apiVersion": "2021-03-01",
            "name": "[parameters('serverfarms_ASP_DubiParserFunction_5695_name')]",
            "location": "UAE North",
            "sku": {
                "name": "Y1",
                "tier": "Dynamic",
                "size": "Y1",
                "family": "Y",
                "capacity": 0
            },
            "kind": "functionapp",
            "properties": {
                "perSiteScaling": false,
                "elasticScaleEnabled": false,
                "maximumElasticWorkerCount": 1,
                "isSpot": false,
                "reserved": true,
                "isXenon": false,
                "hyperV": false,
                "targetWorkerCount": 0,
                "targetWorkerSizeId": 0,
                "zoneRedundant": false
            }
        },
        {
            "type": "microsoft.alertsmanagement/smartdetectoralertrules",
            "apiVersion": "2021-04-01",
            "name": "[parameters('smartdetectoralertrules_failure_anomalies___dubiparser_name')]",
            "location": "global",
            "dependsOn": [
                "[resourceId('microsoft.insights/components', parameters('components_dubiparser_name'))]"
            ],
            "properties": {
                "description": "Failure Anomalies notifies you of an unusual rise in the rate of failed HTTP requests or dependency calls.",
                "state": "Enabled",
                "severity": "Sev3",
                "frequency": "PT1M",
                "detector": {
                    "id": "FailureAnomaliesDetector"
                },
                "scope": [
                    "[resourceId('microsoft.insights/components', parameters('components_dubiparser_name'))]"
                ],
                "actionGroups": {
                    "groupIds": [
                        "[parameters('actiongroups_application_insights_smart_detection_externalid')]"
                    ]
                }
            }
        },
        {
            "type": "microsoft.alertsmanagement/smartdetectoralertrules",
            "apiVersion": "2021-04-01",
            "name": "[parameters('smartdetectoralertrules_failure_anomalies___dubiparserfunction_name')]",
            "location": "global",
            "dependsOn": [
                "[resourceId('microsoft.insights/components', parameters('components_dubiparserfunction_name'))]"
            ],
            "properties": {
                "description": "Failure Anomalies notifies you of an unusual rise in the rate of failed HTTP requests or dependency calls.",
                "state": "Enabled",
                "severity": "Sev3",
                "frequency": "PT1M",
                "detector": {
                    "id": "FailureAnomaliesDetector"
                },
                "scope": [
                    "[resourceId('microsoft.insights/components', parameters('components_dubiparserfunction_name'))]"
                ],
                "actionGroups": {
                    "groupIds": [
                        "[parameters('actiongroups_application_insights_smart_detection_externalid')]"
                    ]
                }
            }
        },
        {
            "type": "microsoft.insights/components/ProactiveDetectionConfigs",
            "apiVersion": "2018-05-01-preview",
            "name": "[concat(parameters('components_dubiparser_name'), '/degradationindependencyduration')]",
            "location": "uaenorth",
            "dependsOn": [
                "[resourceId('microsoft.insights/components', parameters('components_dubiparser_name'))]"
            ],
            "properties": {
                "ruleDefinitions": {
                    "Name": "degradationindependencyduration",
                    "DisplayName": "Degradation in dependency duration",
                    "Description": "Smart Detection rules notify you of performance anomaly issues.",
                    "HelpUrl": "https://docs.microsoft.com/en-us/azure/application-insights/app-insights-proactive-performance-diagnostics",
                    "IsHidden": false,
                    "IsEnabledByDefault": true,
                    "IsInPreview": false,
                    "SupportsEmailNotifications": true
                },
                "enabled": true,
                "sendEmailsToSubscriptionOwners": true,
                "customEmails": []
            }
        },
        {
            "type": "microsoft.insights/components/ProactiveDetectionConfigs",
            "apiVersion": "2018-05-01-preview",
            "name": "[concat(parameters('components_dubiparserfunction_name'), '/degradationindependencyduration')]",
            "location": "uaenorth",
            "dependsOn": [
                "[resourceId('microsoft.insights/components', parameters('components_dubiparserfunction_name'))]"
            ],
            "properties": {
                "ruleDefinitions": {
                    "Name": "degradationindependencyduration",
                    "DisplayName": "Degradation in dependency duration",
                    "Description": "Smart Detection rules notify you of performance anomaly issues.",
                    "HelpUrl": "https://docs.microsoft.com/en-us/azure/application-insights/app-insights-proactive-performance-diagnostics",
                    "IsHidden": false,
                    "IsEnabledByDefault": true,
                    "IsInPreview": false,
                    "SupportsEmailNotifications": true
                },
                "enabled": true,
                "sendEmailsToSubscriptionOwners": true,
                "customEmails": []
            }
        },
        {
            "type": "microsoft.insights/components/ProactiveDetectionConfigs",
            "apiVersion": "2018-05-01-preview",
            "name": "[concat(parameters('components_dubiparser_name'), '/degradationinserverresponsetime')]",
            "location": "uaenorth",
            "dependsOn": [
                "[resourceId('microsoft.insights/components', parameters('components_dubiparser_name'))]"
            ],
            "properties": {
                "ruleDefinitions": {
                    "Name": "degradationinserverresponsetime",
                    "DisplayName": "Degradation in server response time",
                    "Description": "Smart Detection rules notify you of performance anomaly issues.",
                    "HelpUrl": "https://docs.microsoft.com/en-us/azure/application-insights/app-insights-proactive-performance-diagnostics",
                    "IsHidden": false,
                    "IsEnabledByDefault": true,
                    "IsInPreview": false,
                    "SupportsEmailNotifications": true
                },
                "enabled": true,
                "sendEmailsToSubscriptionOwners": true,
                "customEmails": []
            }
        },
        {
            "type": "microsoft.insights/components/ProactiveDetectionConfigs",
            "apiVersion": "2018-05-01-preview",
            "name": "[concat(parameters('components_dubiparserfunction_name'), '/degradationinserverresponsetime')]",
            "location": "uaenorth",
            "dependsOn": [
                "[resourceId('microsoft.insights/components', parameters('components_dubiparserfunction_name'))]"
            ],
            "properties": {
                "ruleDefinitions": {
                    "Name": "degradationinserverresponsetime",
                    "DisplayName": "Degradation in server response time",
                    "Description": "Smart Detection rules notify you of performance anomaly issues.",
                    "HelpUrl": "https://docs.microsoft.com/en-us/azure/application-insights/app-insights-proactive-performance-diagnostics",
                    "IsHidden": false,
                    "IsEnabledByDefault": true,
                    "IsInPreview": false,
                    "SupportsEmailNotifications": true
                },
                "enabled": true,
                "sendEmailsToSubscriptionOwners": true,
                "customEmails": []
            }
        },
        {
            "type": "microsoft.insights/components/ProactiveDetectionConfigs",
            "apiVersion": "2018-05-01-preview",
            "name": "[concat(parameters('components_dubiparser_name'), '/digestMailConfiguration')]",
            "location": "uaenorth",
            "dependsOn": [
                "[resourceId('microsoft.insights/components', parameters('components_dubiparser_name'))]"
            ],
            "properties": {
                "ruleDefinitions": {
                    "Name": "digestMailConfiguration",
                    "DisplayName": "Digest Mail Configuration",
                    "Description": "This rule describes the digest mail preferences",
                    "HelpUrl": "www.homail.com",
                    "IsHidden": true,
                    "IsEnabledByDefault": true,
                    "IsInPreview": false,
                    "SupportsEmailNotifications": true
                },
                "enabled": true,
                "sendEmailsToSubscriptionOwners": true,
                "customEmails": []
            }
        },
        {
            "type": "microsoft.insights/components/ProactiveDetectionConfigs",
            "apiVersion": "2018-05-01-preview",
            "name": "[concat(parameters('components_dubiparserfunction_name'), '/digestMailConfiguration')]",
            "location": "uaenorth",
            "dependsOn": [
                "[resourceId('microsoft.insights/components', parameters('components_dubiparserfunction_name'))]"
            ],
            "properties": {
                "ruleDefinitions": {
                    "Name": "digestMailConfiguration",
                    "DisplayName": "Digest Mail Configuration",
                    "Description": "This rule describes the digest mail preferences",
                    "HelpUrl": "www.homail.com",
                    "IsHidden": true,
                    "IsEnabledByDefault": true,
                    "IsInPreview": false,
                    "SupportsEmailNotifications": true
                },
                "enabled": true,
                "sendEmailsToSubscriptionOwners": true,
                "customEmails": []
            }
        },
        {
            "type": "microsoft.insights/components/ProactiveDetectionConfigs",
            "apiVersion": "2018-05-01-preview",
            "name": "[concat(parameters('components_dubiparser_name'), '/extension_billingdatavolumedailyspikeextension')]",
            "location": "uaenorth",
            "dependsOn": [
                "[resourceId('microsoft.insights/components', parameters('components_dubiparser_name'))]"
            ],
            "properties": {
                "ruleDefinitions": {
                    "Name": "extension_billingdatavolumedailyspikeextension",
                    "DisplayName": "Abnormal rise in daily data volume (preview)",
                    "Description": "This detection rule automatically analyzes the billing data generated by your application, and can warn you about an unusual increase in your application's billing costs",
                    "HelpUrl": "https://github.com/Microsoft/ApplicationInsights-Home/tree/master/SmartDetection/billing-data-volume-daily-spike.md",
                    "IsHidden": false,
                    "IsEnabledByDefault": true,
                    "IsInPreview": true,
                    "SupportsEmailNotifications": false
                },
                "enabled": true,
                "sendEmailsToSubscriptionOwners": true,
                "customEmails": []
            }
        },
        {
            "type": "microsoft.insights/components/ProactiveDetectionConfigs",
            "apiVersion": "2018-05-01-preview",
            "name": "[concat(parameters('components_dubiparserfunction_name'), '/extension_billingdatavolumedailyspikeextension')]",
            "location": "uaenorth",
            "dependsOn": [
                "[resourceId('microsoft.insights/components', parameters('components_dubiparserfunction_name'))]"
            ],
            "properties": {
                "ruleDefinitions": {
                    "Name": "extension_billingdatavolumedailyspikeextension",
                    "DisplayName": "Abnormal rise in daily data volume (preview)",
                    "Description": "This detection rule automatically analyzes the billing data generated by your application, and can warn you about an unusual increase in your application's billing costs",
                    "HelpUrl": "https://github.com/Microsoft/ApplicationInsights-Home/tree/master/SmartDetection/billing-data-volume-daily-spike.md",
                    "IsHidden": false,
                    "IsEnabledByDefault": true,
                    "IsInPreview": true,
                    "SupportsEmailNotifications": false
                },
                "enabled": true,
                "sendEmailsToSubscriptionOwners": true,
                "customEmails": []
            }
        },
        {
            "type": "microsoft.insights/components/ProactiveDetectionConfigs",
            "apiVersion": "2018-05-01-preview",
            "name": "[concat(parameters('components_dubiparser_name'), '/extension_canaryextension')]",
            "location": "uaenorth",
            "dependsOn": [
                "[resourceId('microsoft.insights/components', parameters('components_dubiparser_name'))]"
            ],
            "properties": {
                "ruleDefinitions": {
                    "Name": "extension_canaryextension",
                    "DisplayName": "Canary extension",
                    "Description": "Canary extension",
                    "HelpUrl": "https://github.com/Microsoft/ApplicationInsights-Home/blob/master/SmartDetection/",
                    "IsHidden": true,
                    "IsEnabledByDefault": true,
                    "IsInPreview": true,
                    "SupportsEmailNotifications": false
                },
                "enabled": true,
                "sendEmailsToSubscriptionOwners": true,
                "customEmails": []
            }
        },
        {
            "type": "microsoft.insights/components/ProactiveDetectionConfigs",
            "apiVersion": "2018-05-01-preview",
            "name": "[concat(parameters('components_dubiparserfunction_name'), '/extension_canaryextension')]",
            "location": "uaenorth",
            "dependsOn": [
                "[resourceId('microsoft.insights/components', parameters('components_dubiparserfunction_name'))]"
            ],
            "properties": {
                "ruleDefinitions": {
                    "Name": "extension_canaryextension",
                    "DisplayName": "Canary extension",
                    "Description": "Canary extension",
                    "HelpUrl": "https://github.com/Microsoft/ApplicationInsights-Home/blob/master/SmartDetection/",
                    "IsHidden": true,
                    "IsEnabledByDefault": true,
                    "IsInPreview": true,
                    "SupportsEmailNotifications": false
                },
                "enabled": true,
                "sendEmailsToSubscriptionOwners": true,
                "customEmails": []
            }
        },
        {
            "type": "microsoft.insights/components/ProactiveDetectionConfigs",
            "apiVersion": "2018-05-01-preview",
            "name": "[concat(parameters('components_dubiparser_name'), '/extension_exceptionchangeextension')]",
            "location": "uaenorth",
            "dependsOn": [
                "[resourceId('microsoft.insights/components', parameters('components_dubiparser_name'))]"
            ],
            "properties": {
                "ruleDefinitions": {
                    "Name": "extension_exceptionchangeextension",
                    "DisplayName": "Abnormal rise in exception volume (preview)",
                    "Description": "This detection rule automatically analyzes the exceptions thrown in your application, and can warn you about unusual patterns in your exception telemetry.",
                    "HelpUrl": "https://github.com/Microsoft/ApplicationInsights-Home/blob/master/SmartDetection/abnormal-rise-in-exception-volume.md",
                    "IsHidden": false,
                    "IsEnabledByDefault": true,
                    "IsInPreview": true,
                    "SupportsEmailNotifications": false
                },
                "enabled": true,
                "sendEmailsToSubscriptionOwners": true,
                "customEmails": []
            }
        },
        {
            "type": "microsoft.insights/components/ProactiveDetectionConfigs",
            "apiVersion": "2018-05-01-preview",
            "name": "[concat(parameters('components_dubiparserfunction_name'), '/extension_exceptionchangeextension')]",
            "location": "uaenorth",
            "dependsOn": [
                "[resourceId('microsoft.insights/components', parameters('components_dubiparserfunction_name'))]"
            ],
            "properties": {
                "ruleDefinitions": {
                    "Name": "extension_exceptionchangeextension",
                    "DisplayName": "Abnormal rise in exception volume (preview)",
                    "Description": "This detection rule automatically analyzes the exceptions thrown in your application, and can warn you about unusual patterns in your exception telemetry.",
                    "HelpUrl": "https://github.com/Microsoft/ApplicationInsights-Home/blob/master/SmartDetection/abnormal-rise-in-exception-volume.md",
                    "IsHidden": false,
                    "IsEnabledByDefault": true,
                    "IsInPreview": true,
                    "SupportsEmailNotifications": false
                },
                "enabled": true,
                "sendEmailsToSubscriptionOwners": true,
                "customEmails": []
            }
        },
        {
            "type": "microsoft.insights/components/ProactiveDetectionConfigs",
            "apiVersion": "2018-05-01-preview",
            "name": "[concat(parameters('components_dubiparser_name'), '/extension_memoryleakextension')]",
            "location": "uaenorth",
            "dependsOn": [
                "[resourceId('microsoft.insights/components', parameters('components_dubiparser_name'))]"
            ],
            "properties": {
                "ruleDefinitions": {
                    "Name": "extension_memoryleakextension",
                    "DisplayName": "Potential memory leak detected (preview)",
                    "Description": "This detection rule automatically analyzes the memory consumption of each process in your application, and can warn you about potential memory leaks or increased memory consumption.",
                    "HelpUrl": "https://github.com/Microsoft/ApplicationInsights-Home/tree/master/SmartDetection/memory-leak.md",
                    "IsHidden": false,
                    "IsEnabledByDefault": true,
                    "IsInPreview": true,
                    "SupportsEmailNotifications": false
                },
                "enabled": true,
                "sendEmailsToSubscriptionOwners": true,
                "customEmails": []
            }
        },
        {
            "type": "microsoft.insights/components/ProactiveDetectionConfigs",
            "apiVersion": "2018-05-01-preview",
            "name": "[concat(parameters('components_dubiparserfunction_name'), '/extension_memoryleakextension')]",
            "location": "uaenorth",
            "dependsOn": [
                "[resourceId('microsoft.insights/components', parameters('components_dubiparserfunction_name'))]"
            ],
            "properties": {
                "ruleDefinitions": {
                    "Name": "extension_memoryleakextension",
                    "DisplayName": "Potential memory leak detected (preview)",
                    "Description": "This detection rule automatically analyzes the memory consumption of each process in your application, and can warn you about potential memory leaks or increased memory consumption.",
                    "HelpUrl": "https://github.com/Microsoft/ApplicationInsights-Home/tree/master/SmartDetection/memory-leak.md",
                    "IsHidden": false,
                    "IsEnabledByDefault": true,
                    "IsInPreview": true,
                    "SupportsEmailNotifications": false
                },
                "enabled": true,
                "sendEmailsToSubscriptionOwners": true,
                "customEmails": []
            }
        },
        {
            "type": "microsoft.insights/components/ProactiveDetectionConfigs",
            "apiVersion": "2018-05-01-preview",
            "name": "[concat(parameters('components_dubiparser_name'), '/extension_securityextensionspackage')]",
            "location": "uaenorth",
            "dependsOn": [
                "[resourceId('microsoft.insights/components', parameters('components_dubiparser_name'))]"
            ],
            "properties": {
                "ruleDefinitions": {
                    "Name": "extension_securityextensionspackage",
                    "DisplayName": "Potential security issue detected (preview)",
                    "Description": "This detection rule automatically analyzes the telemetry generated by your application and detects potential security issues.",
                    "HelpUrl": "https://github.com/Microsoft/ApplicationInsights-Home/blob/master/SmartDetection/application-security-detection-pack.md",
                    "IsHidden": false,
                    "IsEnabledByDefault": true,
                    "IsInPreview": true,
                    "SupportsEmailNotifications": false
                },
                "enabled": true,
                "sendEmailsToSubscriptionOwners": true,
                "customEmails": []
            }
        },
        {
            "type": "microsoft.insights/components/ProactiveDetectionConfigs",
            "apiVersion": "2018-05-01-preview",
            "name": "[concat(parameters('components_dubiparserfunction_name'), '/extension_securityextensionspackage')]",
            "location": "uaenorth",
            "dependsOn": [
                "[resourceId('microsoft.insights/components', parameters('components_dubiparserfunction_name'))]"
            ],
            "properties": {
                "ruleDefinitions": {
                    "Name": "extension_securityextensionspackage",
                    "DisplayName": "Potential security issue detected (preview)",
                    "Description": "This detection rule automatically analyzes the telemetry generated by your application and detects potential security issues.",
                    "HelpUrl": "https://github.com/Microsoft/ApplicationInsights-Home/blob/master/SmartDetection/application-security-detection-pack.md",
                    "IsHidden": false,
                    "IsEnabledByDefault": true,
                    "IsInPreview": true,
                    "SupportsEmailNotifications": false
                },
                "enabled": true,
                "sendEmailsToSubscriptionOwners": true,
                "customEmails": []
            }
        },
        {
            "type": "microsoft.insights/components/ProactiveDetectionConfigs",
            "apiVersion": "2018-05-01-preview",
            "name": "[concat(parameters('components_dubiparser_name'), '/extension_traceseveritydetector')]",
            "location": "uaenorth",
            "dependsOn": [
                "[resourceId('microsoft.insights/components', parameters('components_dubiparser_name'))]"
            ],
            "properties": {
                "ruleDefinitions": {
                    "Name": "extension_traceseveritydetector",
                    "DisplayName": "Degradation in trace severity ratio (preview)",
                    "Description": "This detection rule automatically analyzes the trace logs emitted from your application, and can warn you about unusual patterns in the severity of your trace telemetry.",
                    "HelpUrl": "https://github.com/Microsoft/ApplicationInsights-Home/blob/master/SmartDetection/degradation-in-trace-severity-ratio.md",
                    "IsHidden": false,
                    "IsEnabledByDefault": true,
                    "IsInPreview": true,
                    "SupportsEmailNotifications": false
                },
                "enabled": true,
                "sendEmailsToSubscriptionOwners": true,
                "customEmails": []
            }
        },
        {
            "type": "microsoft.insights/components/ProactiveDetectionConfigs",
            "apiVersion": "2018-05-01-preview",
            "name": "[concat(parameters('components_dubiparserfunction_name'), '/extension_traceseveritydetector')]",
            "location": "uaenorth",
            "dependsOn": [
                "[resourceId('microsoft.insights/components', parameters('components_dubiparserfunction_name'))]"
            ],
            "properties": {
                "ruleDefinitions": {
                    "Name": "extension_traceseveritydetector",
                    "DisplayName": "Degradation in trace severity ratio (preview)",
                    "Description": "This detection rule automatically analyzes the trace logs emitted from your application, and can warn you about unusual patterns in the severity of your trace telemetry.",
                    "HelpUrl": "https://github.com/Microsoft/ApplicationInsights-Home/blob/master/SmartDetection/degradation-in-trace-severity-ratio.md",
                    "IsHidden": false,
                    "IsEnabledByDefault": true,
                    "IsInPreview": true,
                    "SupportsEmailNotifications": false
                },
                "enabled": true,
                "sendEmailsToSubscriptionOwners": true,
                "customEmails": []
            }
        },
        {
            "type": "microsoft.insights/components/ProactiveDetectionConfigs",
            "apiVersion": "2018-05-01-preview",
            "name": "[concat(parameters('components_dubiparser_name'), '/longdependencyduration')]",
            "location": "uaenorth",
            "dependsOn": [
                "[resourceId('microsoft.insights/components', parameters('components_dubiparser_name'))]"
            ],
            "properties": {
                "ruleDefinitions": {
                    "Name": "longdependencyduration",
                    "DisplayName": "Long dependency duration",
                    "Description": "Smart Detection rules notify you of performance anomaly issues.",
                    "HelpUrl": "https://docs.microsoft.com/en-us/azure/application-insights/app-insights-proactive-performance-diagnostics",
                    "IsHidden": false,
                    "IsEnabledByDefault": true,
                    "IsInPreview": false,
                    "SupportsEmailNotifications": true
                },
                "enabled": true,
                "sendEmailsToSubscriptionOwners": true,
                "customEmails": []
            }
        },
        {
            "type": "microsoft.insights/components/ProactiveDetectionConfigs",
            "apiVersion": "2018-05-01-preview",
            "name": "[concat(parameters('components_dubiparserfunction_name'), '/longdependencyduration')]",
            "location": "uaenorth",
            "dependsOn": [
                "[resourceId('microsoft.insights/components', parameters('components_dubiparserfunction_name'))]"
            ],
            "properties": {
                "ruleDefinitions": {
                    "Name": "longdependencyduration",
                    "DisplayName": "Long dependency duration",
                    "Description": "Smart Detection rules notify you of performance anomaly issues.",
                    "HelpUrl": "https://docs.microsoft.com/en-us/azure/application-insights/app-insights-proactive-performance-diagnostics",
                    "IsHidden": false,
                    "IsEnabledByDefault": true,
                    "IsInPreview": false,
                    "SupportsEmailNotifications": true
                },
                "enabled": true,
                "sendEmailsToSubscriptionOwners": true,
                "customEmails": []
            }
        },
        {
            "type": "microsoft.insights/components/ProactiveDetectionConfigs",
            "apiVersion": "2018-05-01-preview",
            "name": "[concat(parameters('components_dubiparser_name'), '/migrationToAlertRulesCompleted')]",
            "location": "uaenorth",
            "dependsOn": [
                "[resourceId('microsoft.insights/components', parameters('components_dubiparser_name'))]"
            ],
            "properties": {
                "ruleDefinitions": {
                    "Name": "migrationToAlertRulesCompleted",
                    "DisplayName": "Migration To Alert Rules Completed",
                    "Description": "A configuration that controls the migration state of Smart Detection to Smart Alerts",
                    "HelpUrl": "https://docs.microsoft.com/en-us/azure/application-insights/app-insights-proactive-performance-diagnostics",
                    "IsHidden": true,
                    "IsEnabledByDefault": false,
                    "IsInPreview": true,
                    "SupportsEmailNotifications": false
                },
                "enabled": false,
                "sendEmailsToSubscriptionOwners": true,
                "customEmails": []
            }
        },
        {
            "type": "microsoft.insights/components/ProactiveDetectionConfigs",
            "apiVersion": "2018-05-01-preview",
            "name": "[concat(parameters('components_dubiparserfunction_name'), '/migrationToAlertRulesCompleted')]",
            "location": "uaenorth",
            "dependsOn": [
                "[resourceId('microsoft.insights/components', parameters('components_dubiparserfunction_name'))]"
            ],
            "properties": {
                "ruleDefinitions": {
                    "Name": "migrationToAlertRulesCompleted",
                    "DisplayName": "Migration To Alert Rules Completed",
                    "Description": "A configuration that controls the migration state of Smart Detection to Smart Alerts",
                    "HelpUrl": "https://docs.microsoft.com/en-us/azure/application-insights/app-insights-proactive-performance-diagnostics",
                    "IsHidden": true,
                    "IsEnabledByDefault": false,
                    "IsInPreview": true,
                    "SupportsEmailNotifications": false
                },
                "enabled": false,
                "sendEmailsToSubscriptionOwners": true,
                "customEmails": []
            }
        },
        {
            "type": "microsoft.insights/components/ProactiveDetectionConfigs",
            "apiVersion": "2018-05-01-preview",
            "name": "[concat(parameters('components_dubiparser_name'), '/slowpageloadtime')]",
            "location": "uaenorth",
            "dependsOn": [
                "[resourceId('microsoft.insights/components', parameters('components_dubiparser_name'))]"
            ],
            "properties": {
                "ruleDefinitions": {
                    "Name": "slowpageloadtime",
                    "DisplayName": "Slow page load time",
                    "Description": "Smart Detection rules notify you of performance anomaly issues.",
                    "HelpUrl": "https://docs.microsoft.com/en-us/azure/application-insights/app-insights-proactive-performance-diagnostics",
                    "IsHidden": false,
                    "IsEnabledByDefault": true,
                    "IsInPreview": false,
                    "SupportsEmailNotifications": true
                },
                "enabled": true,
                "sendEmailsToSubscriptionOwners": true,
                "customEmails": []
            }
        },
        {
            "type": "microsoft.insights/components/ProactiveDetectionConfigs",
            "apiVersion": "2018-05-01-preview",
            "name": "[concat(parameters('components_dubiparserfunction_name'), '/slowpageloadtime')]",
            "location": "uaenorth",
            "dependsOn": [
                "[resourceId('microsoft.insights/components', parameters('components_dubiparserfunction_name'))]"
            ],
            "properties": {
                "ruleDefinitions": {
                    "Name": "slowpageloadtime",
                    "DisplayName": "Slow page load time",
                    "Description": "Smart Detection rules notify you of performance anomaly issues.",
                    "HelpUrl": "https://docs.microsoft.com/en-us/azure/application-insights/app-insights-proactive-performance-diagnostics",
                    "IsHidden": false,
                    "IsEnabledByDefault": true,
                    "IsInPreview": false,
                    "SupportsEmailNotifications": true
                },
                "enabled": true,
                "sendEmailsToSubscriptionOwners": true,
                "customEmails": []
            }
        },
        {
            "type": "microsoft.insights/components/ProactiveDetectionConfigs",
            "apiVersion": "2018-05-01-preview",
            "name": "[concat(parameters('components_dubiparser_name'), '/slowserverresponsetime')]",
            "location": "uaenorth",
            "dependsOn": [
                "[resourceId('microsoft.insights/components', parameters('components_dubiparser_name'))]"
            ],
            "properties": {
                "ruleDefinitions": {
                    "Name": "slowserverresponsetime",
                    "DisplayName": "Slow server response time",
                    "Description": "Smart Detection rules notify you of performance anomaly issues.",
                    "HelpUrl": "https://docs.microsoft.com/en-us/azure/application-insights/app-insights-proactive-performance-diagnostics",
                    "IsHidden": false,
                    "IsEnabledByDefault": true,
                    "IsInPreview": false,
                    "SupportsEmailNotifications": true
                },
                "enabled": true,
                "sendEmailsToSubscriptionOwners": true,
                "customEmails": []
            }
        },
        {
            "type": "microsoft.insights/components/ProactiveDetectionConfigs",
            "apiVersion": "2018-05-01-preview",
            "name": "[concat(parameters('components_dubiparserfunction_name'), '/slowserverresponsetime')]",
            "location": "uaenorth",
            "dependsOn": [
                "[resourceId('microsoft.insights/components', parameters('components_dubiparserfunction_name'))]"
            ],
            "properties": {
                "ruleDefinitions": {
                    "Name": "slowserverresponsetime",
                    "DisplayName": "Slow server response time",
                    "Description": "Smart Detection rules notify you of performance anomaly issues.",
                    "HelpUrl": "https://docs.microsoft.com/en-us/azure/application-insights/app-insights-proactive-performance-diagnostics",
                    "IsHidden": false,
                    "IsEnabledByDefault": true,
                    "IsInPreview": false,
                    "SupportsEmailNotifications": true
                },
                "enabled": true,
                "sendEmailsToSubscriptionOwners": true,
                "customEmails": []
            }
        },
        {
            "type": "Microsoft.Storage/storageAccounts/blobServices",
            "apiVersion": "2021-09-01",
            "name": "[concat(parameters('storageAccounts_dubiparserstorage_name'), '/default')]",
            "dependsOn": [
                "[resourceId('Microsoft.Storage/storageAccounts', parameters('storageAccounts_dubiparserstorage_name'))]"
            ],
            "sku": {
                "name": "Standard_LRS",
                "tier": "Standard"
            },
            "properties": {
                "changeFeed": {
                    "enabled": false
                },
                "restorePolicy": {
                    "enabled": false
                },
                "containerDeleteRetentionPolicy": {
                    "enabled": true,
                    "days": 7
                },
                "cors": {
                    "corsRules": []
                },
                "deleteRetentionPolicy": {
                    "allowPermanentDelete": false,
                    "enabled": true,
                    "days": 7
                },
                "isVersioningEnabled": false
            }
        },
        {
            "type": "Microsoft.Storage/storageAccounts/fileServices",
            "apiVersion": "2021-09-01",
            "name": "[concat(parameters('storageAccounts_dubiparserstorage_name'), '/default')]",
            "dependsOn": [
                "[resourceId('Microsoft.Storage/storageAccounts', parameters('storageAccounts_dubiparserstorage_name'))]"
            ],
            "sku": {
                "name": "Standard_LRS",
                "tier": "Standard"
            },
            "properties": {
                "cors": {
                    "corsRules": []
                },
                "shareDeleteRetentionPolicy": {
                    "enabled": true,
                    "days": 7
                }
            }
        },
        {
            "type": "Microsoft.Storage/storageAccounts/queueServices",
            "apiVersion": "2021-09-01",
            "name": "[concat(parameters('storageAccounts_dubiparserstorage_name'), '/default')]",
            "dependsOn": [
                "[resourceId('Microsoft.Storage/storageAccounts', parameters('storageAccounts_dubiparserstorage_name'))]"
            ],
            "properties": {
                "cors": {
                    "corsRules": []
                }
            }
        },
        {
            "type": "Microsoft.Storage/storageAccounts/tableServices",
            "apiVersion": "2021-09-01",
            "name": "[concat(parameters('storageAccounts_dubiparserstorage_name'), '/default')]",
            "dependsOn": [
                "[resourceId('Microsoft.Storage/storageAccounts', parameters('storageAccounts_dubiparserstorage_name'))]"
            ],
            "properties": {
                "cors": {
                    "corsRules": []
                }
            }
        },
        {
            "type": "Microsoft.Web/sites",
            "apiVersion": "2021-03-01",
            "name": "[parameters('sites_dubiparser_name')]",
            "location": "UAE North",
            "dependsOn": [
                "[resourceId('Microsoft.Web/serverfarms', parameters('serverfarms_ASP_dubiparser_28a6_name'))]"
            ],
            "kind": "functionapp,linux",
            "properties": {
                "enabled": true,
                "hostNameSslStates": [
                    {
                        "name": "[concat(parameters('sites_dubiparser_name'), '.azurewebsites.net')]",
                        "sslState": "Disabled",
                        "hostType": "Standard"
                    },
                    {
                        "name": "[concat(parameters('sites_dubiparser_name'), '.scm.azurewebsites.net')]",
                        "sslState": "Disabled",
                        "hostType": "Repository"
                    }
                ],
                "serverFarmId": "[resourceId('Microsoft.Web/serverfarms', parameters('serverfarms_ASP_dubiparser_28a6_name'))]",
                "reserved": true,
                "isXenon": false,
                "hyperV": false,
                "siteConfig": {
                    "numberOfWorkers": 1,
                    "linuxFxVersion": "Python|3.8",
                    "acrUseManagedIdentityCreds": false,
                    "alwaysOn": false,
                    "http20Enabled": false,
                    "functionAppScaleLimit": 200,
                    "minimumElasticInstanceCount": 0
                },
                "scmSiteAlsoStopped": false,
                "clientAffinityEnabled": false,
                "clientCertEnabled": false,
                "clientCertMode": "Required",
                "hostNamesDisabled": false,
                "customDomainVerificationId": "15C61387163D98E9681BFCDA3343D387D7887A3F51115493BA47799E58606460",
                "containerSize": 0,
                "dailyMemoryTimeQuota": 0,
                "httpsOnly": true,
                "redundancyMode": "None",
                "storageAccountRequired": false,
                "keyVaultReferenceIdentity": "SystemAssigned"
            }
        },
        {
            "type": "Microsoft.Web/sites",
            "apiVersion": "2021-03-01",
            "name": "[parameters('sites_DubiParserFunction_name')]",
            "location": "UAE North",
            "dependsOn": [
                "[resourceId('Microsoft.Web/serverfarms', parameters('serverfarms_ASP_DubiParserFunction_5695_name'))]"
            ],
            "kind": "functionapp,linux",
            "properties": {
                "enabled": true,
                "hostNameSslStates": [
                    {
                        "name": "dubiparserfunction.azurewebsites.net",
                        "sslState": "Disabled",
                        "hostType": "Standard"
                    },
                    {
                        "name": "dubiparserfunction.scm.azurewebsites.net",
                        "sslState": "Disabled",
                        "hostType": "Repository"
                    }
                ],
                "serverFarmId": "[resourceId('Microsoft.Web/serverfarms', parameters('serverfarms_ASP_DubiParserFunction_5695_name'))]",
                "reserved": true,
                "isXenon": false,
                "hyperV": false,
                "siteConfig": {
                    "numberOfWorkers": 1,
                    "linuxFxVersion": "Python|3.8",
                    "acrUseManagedIdentityCreds": false,
                    "alwaysOn": false,
                    "http20Enabled": false,
                    "functionAppScaleLimit": 200,
                    "minimumElasticInstanceCount": 0
                },
                "scmSiteAlsoStopped": false,
                "clientAffinityEnabled": false,
                "clientCertEnabled": false,
                "clientCertMode": "Required",
                "hostNamesDisabled": false,
                "customDomainVerificationId": "15C61387163D98E9681BFCDA3343D387D7887A3F51115493BA47799E58606460",
                "containerSize": 0,
                "dailyMemoryTimeQuota": 0,
                "httpsOnly": true,
                "redundancyMode": "None",
                "storageAccountRequired": false,
                "keyVaultReferenceIdentity": "SystemAssigned"
            }
        },
        {
            "type": "Microsoft.Web/sites/basicPublishingCredentialsPolicies",
            "apiVersion": "2021-03-01",
            "name": "[concat(parameters('sites_dubiparser_name'), '/ftp')]",
            "location": "UAE North",
            "dependsOn": [
                "[resourceId('Microsoft.Web/sites', parameters('sites_dubiparser_name'))]"
            ],
            "properties": {
                "allow": true
            }
        },
        {
            "type": "Microsoft.Web/sites/basicPublishingCredentialsPolicies",
            "apiVersion": "2021-03-01",
            "name": "[concat(parameters('sites_DubiParserFunction_name'), '/ftp')]",
            "location": "UAE North",
            "dependsOn": [
                "[resourceId('Microsoft.Web/sites', parameters('sites_DubiParserFunction_name'))]"
            ],
            "properties": {
                "allow": true
            }
        },
        {
            "type": "Microsoft.Web/sites/basicPublishingCredentialsPolicies",
            "apiVersion": "2021-03-01",
            "name": "[concat(parameters('sites_dubiparser_name'), '/scm')]",
            "location": "UAE North",
            "dependsOn": [
                "[resourceId('Microsoft.Web/sites', parameters('sites_dubiparser_name'))]"
            ],
            "properties": {
                "allow": true
            }
        },
        {
            "type": "Microsoft.Web/sites/basicPublishingCredentialsPolicies",
            "apiVersion": "2021-03-01",
            "name": "[concat(parameters('sites_DubiParserFunction_name'), '/scm')]",
            "location": "UAE North",
            "dependsOn": [
                "[resourceId('Microsoft.Web/sites', parameters('sites_DubiParserFunction_name'))]"
            ],
            "properties": {
                "allow": true
            }
        },
        {
            "type": "Microsoft.Web/sites/config",
            "apiVersion": "2021-03-01",
            "name": "[concat(parameters('sites_dubiparser_name'), '/web')]",
            "location": "UAE North",
            "dependsOn": [
                "[resourceId('Microsoft.Web/sites', parameters('sites_dubiparser_name'))]"
            ],
            "properties": {
                "numberOfWorkers": 1,
                "defaultDocuments": [
                    "Default.htm",
                    "Default.html",
                    "Default.asp",
                    "index.htm",
                    "index.html",
                    "iisstart.htm",
                    "default.aspx",
                    "index.php"
                ],
                "netFrameworkVersion": "v4.0",
                "linuxFxVersion": "Python|3.8",
                "requestTracingEnabled": false,
                "remoteDebuggingEnabled": false,
                "httpLoggingEnabled": false,
                "acrUseManagedIdentityCreds": false,
                "logsDirectorySizeLimit": 35,
                "detailedErrorLoggingEnabled": false,
                "publishingUsername": "$dubiparser",
                "scmType": "None",
                "use32BitWorkerProcess": false,
                "webSocketsEnabled": false,
                "alwaysOn": false,
                "managedPipelineMode": "Integrated",
                "virtualApplications": [
                    {
                        "virtualPath": "/",
                        "physicalPath": "site\\wwwroot",
                        "preloadEnabled": false
                    }
                ],
                "loadBalancing": "LeastRequests",
                "experiments": {
                    "rampUpRules": []
                },
                "autoHealEnabled": false,
                "vnetRouteAllEnabled": false,
                "vnetPrivatePortsCount": 0,
                "localMySqlEnabled": false,
                "ipSecurityRestrictions": [
                    {
                        "ipAddress": "Any",
                        "action": "Allow",
                        "priority": 1,
                        "name": "Allow all",
                        "description": "Allow all access"
                    }
                ],
                "scmIpSecurityRestrictions": [
                    {
                        "ipAddress": "Any",
                        "action": "Allow",
                        "priority": 1,
                        "name": "Allow all",
                        "description": "Allow all access"
                    }
                ],
                "scmIpSecurityRestrictionsUseMain": false,
                "http20Enabled": false,
                "minTlsVersion": "1.2",
                "scmMinTlsVersion": "1.0",
                "ftpsState": "AllAllowed",
                "preWarmedInstanceCount": 0,
                "functionAppScaleLimit": 200,
                "functionsRuntimeScaleMonitoringEnabled": false,
                "minimumElasticInstanceCount": 0,
                "azureStorageAccounts": {}
            }
        },
        {
            "type": "Microsoft.Web/sites/config",
            "apiVersion": "2021-03-01",
            "name": "[concat(parameters('sites_DubiParserFunction_name'), '/web')]",
            "location": "UAE North",
            "dependsOn": [
                "[resourceId('Microsoft.Web/sites', parameters('sites_DubiParserFunction_name'))]"
            ],
            "properties": {
                "numberOfWorkers": 1,
                "defaultDocuments": [
                    "Default.htm",
                    "Default.html",
                    "Default.asp",
                    "index.htm",
                    "index.html",
                    "iisstart.htm",
                    "default.aspx",
                    "index.php"
                ],
                "netFrameworkVersion": "v4.0",
                "linuxFxVersion": "Python|3.8",
                "requestTracingEnabled": false,
                "remoteDebuggingEnabled": false,
                "httpLoggingEnabled": false,
                "acrUseManagedIdentityCreds": false,
                "logsDirectorySizeLimit": 35,
                "detailedErrorLoggingEnabled": false,
                "publishingUsername": "$DubiParserFunction",
                "scmType": "None",
                "use32BitWorkerProcess": false,
                "webSocketsEnabled": false,
                "alwaysOn": false,
                "managedPipelineMode": "Integrated",
                "virtualApplications": [
                    {
                        "virtualPath": "/",
                        "physicalPath": "site\\wwwroot",
                        "preloadEnabled": false
                    }
                ],
                "loadBalancing": "LeastRequests",
                "experiments": {
                    "rampUpRules": []
                },
                "autoHealEnabled": false,
                "vnetRouteAllEnabled": false,
                "vnetPrivatePortsCount": 0,
                "localMySqlEnabled": false,
                "ipSecurityRestrictions": [
                    {
                        "ipAddress": "Any",
                        "action": "Allow",
                        "priority": 1,
                        "name": "Allow all",
                        "description": "Allow all access"
                    }
                ],
                "scmIpSecurityRestrictions": [
                    {
                        "ipAddress": "Any",
                        "action": "Allow",
                        "priority": 1,
                        "name": "Allow all",
                        "description": "Allow all access"
                    }
                ],
                "scmIpSecurityRestrictionsUseMain": false,
                "http20Enabled": false,
                "minTlsVersion": "1.2",
                "scmMinTlsVersion": "1.0",
                "ftpsState": "AllAllowed",
                "preWarmedInstanceCount": 0,
                "functionAppScaleLimit": 200,
                "functionsRuntimeScaleMonitoringEnabled": false,
                "minimumElasticInstanceCount": 0,
                "azureStorageAccounts": {}
            }
        },
        {
            "type": "Microsoft.Web/sites/functions",
            "apiVersion": "2021-03-01",
            "name": "[concat(parameters('sites_dubiparser_name'), '/ParseDbzlHTML')]",
            "location": "UAE North",
            "dependsOn": [
                "[resourceId('Microsoft.Web/sites', parameters('sites_dubiparser_name'))]"
            ],
            "properties": {
                "script_root_path_href": "https://dubiparser.azurewebsites.net/admin/vfs/home/site/wwwroot/ParseDbzlHTML/",
                "script_href": "https://dubiparser.azurewebsites.net/admin/vfs/home/site/wwwroot/ParseDbzlHTML/__init__.py",
                "config_href": "https://dubiparser.azurewebsites.net/admin/vfs/home/site/wwwroot/ParseDbzlHTML/function.json",
                "test_data_href": "https://dubiparser.azurewebsites.net/admin/vfs/tmp/FunctionsData/ParseDbzlHTML.dat",
                "href": "https://dubiparser.azurewebsites.net/admin/functions/ParseDbzlHTML",
                "config": {},
                "invoke_url_template": "https://dubiparser.azurewebsites.net/api/parsedbzlhtml",
                "language": "python",
                "isDisabled": false
            }
        },
        {
            "type": "Microsoft.Web/sites/functions",
            "apiVersion": "2021-03-01",
            "name": "[concat(parameters('sites_DubiParserFunction_name'), '/ParseDbzlHTML')]",
            "location": "UAE North",
            "dependsOn": [
                "[resourceId('Microsoft.Web/sites', parameters('sites_DubiParserFunction_name'))]"
            ],
            "properties": {
                "script_root_path_href": "https://dubiparserfunction.azurewebsites.net/admin/vfs/home/site/wwwroot/ParseDbzlHTML/",
                "script_href": "https://dubiparserfunction.azurewebsites.net/admin/vfs/home/site/wwwroot/ParseDbzlHTML/__init__.py",
                "config_href": "https://dubiparserfunction.azurewebsites.net/admin/vfs/home/site/wwwroot/ParseDbzlHTML/function.json",
                "test_data_href": "https://dubiparserfunction.azurewebsites.net/admin/vfs/tmp/FunctionsData/ParseDbzlHTML.dat",
                "href": "https://dubiparserfunction.azurewebsites.net/admin/functions/ParseDbzlHTML",
                "config": {},
                "invoke_url_template": "https://dubiparserfunction.azurewebsites.net/api/parsedbzlhtml",
                "language": "python",
                "isDisabled": false
            }
        },
        {
            "type": "Microsoft.Web/sites/hostNameBindings",
            "apiVersion": "2021-03-01",
            "name": "[concat(parameters('sites_dubiparser_name'), '/', parameters('sites_dubiparser_name'), '.azurewebsites.net')]",
            "location": "UAE North",
            "dependsOn": [
                "[resourceId('Microsoft.Web/sites', parameters('sites_dubiparser_name'))]"
            ],
            "properties": {
                "siteName": "dubiparser",
                "hostNameType": "Verified"
            }
        },
        {
            "type": "Microsoft.Web/sites/hostNameBindings",
            "apiVersion": "2021-03-01",
            "name": "[concat(parameters('sites_DubiParserFunction_name'), '/', parameters('sites_DubiParserFunction_name'), '.azurewebsites.net')]",
            "location": "UAE North",
            "dependsOn": [
                "[resourceId('Microsoft.Web/sites', parameters('sites_DubiParserFunction_name'))]"
            ],
            "properties": {
                "siteName": "DubiParserFunction",
                "hostNameType": "Verified"
            }
        },
        {
            "type": "Microsoft.Logic/workflows",
            "apiVersion": "2017-07-01",
            "name": "[parameters('workflows_DubizzleParserLogicApp_name')]",
            "location": "uaenorth",
            "dependsOn": [
                "[resourceId('Microsoft.Web/sites/functions', parameters('sites_dubiparser_name'), 'ParseDbzlHTML')]",
                "[resourceId('Microsoft.Web/connections', parameters('connections_azuretables_name'))]"
            ],
            "properties": {
                "state": "Enabled",
                "definition": {
                    "$schema": "https://schema.management.azure.com/providers/Microsoft.Logic/schemas/2016-06-01/workflowdefinition.json#",
                    "contentVersion": "1.0.0.0",
                    "parameters": {
                        "$connections": {
                            "defaultValue": {},
                            "type": "Object"
                        }
                    },
                    "triggers": {
                        "Recurrence": {
                            "recurrence": {
                                "frequency": "Minute",
                                "interval": 15
                            },
                            "type": "Recurrence"
                        }
                    },
                    "actions": {
                        "For_each_Query_in_Queries_Table": {
                            "foreach": "@body('ParseQueriesResult')",
                            "actions": {
                                "For_each_2": {
                                    "foreach": "@body('Select_2')",
                                    "actions": {
                                        "Check_If_Listing_Already_Exists": {
                                            "actions": {},
                                            "runAfter": {
                                                "ParseExistingListing": [
                                                    "Succeeded"
                                                ]
                                            },
                                            "else": {
                                                "actions": {
                                                    "Insert_New_Record_If_Not_Exists": {
                                                        "runAfter": {},
                                                        "type": "ApiConnection",
                                                        "inputs": {
                                                            "body": "@items('For_each_2')",
                                                            "host": {
                                                                "connection": {
                                                                    "name": "@parameters('$connections')['azuretables']['connectionId']"
                                                                }
                                                            },
                                                            "method": "put",
                                                            "path": "/Tables/@{encodeURIComponent('listings')}/entities(PartitionKey='@{encodeURIComponent(variables('partitionKey'))}',RowKey='@{encodeURIComponent(variables('rowKey'))}')"
                                                        }
                                                    }
                                                }
                                            },
                                            "expression": {
                                                "and": [
                                                    {
                                                        "greater": [
                                                            "@length(body('Get_entities_2')['value'])",
                                                            "@int(0)"
                                                        ]
                                                    }
                                                ]
                                            },
                                            "type": "If"
                                        },
                                        "Get_entities_2": {
                                            "runAfter": {
                                                "Set_content": [
                                                    "Succeeded"
                                                ]
                                            },
                                            "type": "ApiConnection",
                                            "inputs": {
                                                "host": {
                                                    "connection": {
                                                        "name": "@parameters('$connections')['azuretables']['connectionId']"
                                                    }
                                                },
                                                "method": "get",
                                                "path": "/Tables/@{encodeURIComponent('listings')}/entities",
                                                "queries": {
                                                    "$filter": "RowKey eq '@{variables('rowKey')}' and PartitionKey eq '@{variables('partitionKey')}'"
                                                }
                                            }
                                        },
                                        "ParseExistingListing": {
                                            "runAfter": {
                                                "Get_entities_2": [
                                                    "Succeeded"
                                                ]
                                            },
                                            "type": "ParseJson",
                                            "inputs": {
                                                "content": "@body('Get_entities_2')",
                                                "schema": {
                                                    "properties": {
                                                        "odata.metadata": {
                                                            "type": "string"
                                                        },
                                                        "value": {
                                                            "items": {
                                                                "properties": {
                                                                    "PartitionKey": {
                                                                        "type": "string"
                                                                    },
                                                                    "RowKey": {
                                                                        "type": "string"
                                                                    },
                                                                    "Timestamp": {
                                                                        "type": "string"
                                                                    },
                                                                    "content": {
                                                                        "type": "string"
                                                                    },
                                                                    "creationTS": {
                                                                        "type": "string"
                                                                    },
                                                                    "odata.etag": {
                                                                        "type": "string"
                                                                    },
                                                                    "title": {
                                                                        "type": "string"
                                                                    },
                                                                    "url": {
                                                                        "type": "string"
                                                                    },
                                                                    "userName": {
                                                                        "type": "string"
                                                                    }
                                                                },
                                                                "required": [
                                                                    "odata.etag",
                                                                    "PartitionKey",
                                                                    "RowKey",
                                                                    "Timestamp",
                                                                    "creationTS",
                                                                    "content",
                                                                    "title",
                                                                    "url",
                                                                    "userName"
                                                                ],
                                                                "type": "object"
                                                            },
                                                            "type": "array"
                                                        }
                                                    },
                                                    "type": "object"
                                                }
                                            }
                                        },
                                        "Set_PartitionKey": {
                                            "runAfter": {},
                                            "type": "SetVariable",
                                            "inputs": {
                                                "name": "partitionKey",
                                                "value": "@{items('For_each_2')['PartitionKey']}"
                                            }
                                        },
                                        "Set_RowKey": {
                                            "runAfter": {
                                                "Set_PartitionKey": [
                                                    "Succeeded"
                                                ]
                                            },
                                            "type": "SetVariable",
                                            "inputs": {
                                                "name": "rowKey",
                                                "value": "@{encodeUriComponent(items('For_each_2')['RowKey'])}"
                                            }
                                        },
                                        "Set_content": {
                                            "runAfter": {
                                                "Set_RowKey": [
                                                    "Succeeded"
                                                ]
                                            },
                                            "type": "SetVariable",
                                            "inputs": {
                                                "name": "Content",
                                                "value": "@{items('For_each_2')['Content']}"
                                            }
                                        }
                                    },
                                    "runAfter": {
                                        "Select_2": [
                                            "Succeeded"
                                        ]
                                    },
                                    "type": "Foreach",
                                    "runtimeConfiguration": {
                                        "concurrency": {
                                            "repetitions": 1
                                        }
                                    }
                                },
                                "ParseDbzlHTML": {
                                    "runAfter": {
                                        "Set_variable_4": [
                                            "Succeeded"
                                        ]
                                    },
                                    "type": "Function",
                                    "inputs": {
                                        "body": "@concat('{\"dubizzleQuery\"',':','\"',variables('dubizzleQuery'),'\"}')",
                                        "function": {
                                            "id": "[resourceId('Microsoft.Web/sites/functions', parameters('sites_dubiparser_name'), 'ParseDbzlHTML')]"
                                        }
                                    }
                                },
                                "Parse_JSON_2": {
                                    "runAfter": {
                                        "ParseDbzlHTML": [
                                            "Succeeded"
                                        ]
                                    },
                                    "type": "ParseJson",
                                    "inputs": {
                                        "content": "@body('ParseDbzlHTML')",
                                        "schema": {
                                            "items": {
                                                "properties": {
                                                    "content": {
                                                        "type": "string"
                                                    },
                                                    "location": {
                                                        "type": "string"
                                                    },
                                                    "title": {
                                                        "type": "string"
                                                    },
                                                    "url": {
                                                        "type": "string"
                                                    },
                                                    "userame": {
                                                        "type": "string"
                                                    }
                                                },
                                                "required": [
                                                    "title"
                                                ],
                                                "type": "object"
                                            },
                                            "type": "array"
                                        }
                                    }
                                },
                                "Select_2": {
                                    "runAfter": {
                                        "Parse_JSON_2": [
                                            "Succeeded"
                                        ]
                                    },
                                    "type": "Select",
                                    "inputs": {
                                        "from": "@body('Parse_JSON_2')",
                                        "select": {
                                            "PartitionKey": "cars",
                                            "RowKey": "@{item()['title']}",
                                            "content": "@item()?['content']",
                                            "creationTS": "@utcNow()",
                                            "title": "@item()['title']",
                                            "url": "@item()['url']",
                                            "userName": "@variables('username')"
                                        }
                                    }
                                },
                                "Set_variable": {
                                    "runAfter": {},
                                    "type": "SetVariable",
                                    "inputs": {
                                        "name": "dubizzleQuery",
                                        "value": "@items('For_each_Query_in_Queries_Table')['dubizzleQuery']"
                                    }
                                },
                                "Set_variable_4": {
                                    "runAfter": {
                                        "Set_variable": [
                                            "Succeeded"
                                        ]
                                    },
                                    "type": "SetVariable",
                                    "inputs": {
                                        "name": "username",
                                        "value": "@items('For_each_Query_in_Queries_Table')['username']"
                                    }
                                }
                            },
                            "runAfter": {
                                "ParseQueriesResult": [
                                    "Succeeded"
                                ]
                            },
                            "type": "Foreach",
                            "runtimeConfiguration": {
                                "concurrency": {
                                    "repetitions": 1
                                }
                            }
                        },
                        "Get_entities": {
                            "runAfter": {
                                "Initialize_variable_5": [
                                    "Succeeded"
                                ]
                            },
                            "type": "ApiConnection",
                            "inputs": {
                                "host": {
                                    "connection": {
                                        "name": "@parameters('$connections')['azuretables']['connectionId']"
                                    }
                                },
                                "method": "get",
                                "path": "/Tables/@{encodeURIComponent('queries')}/entities"
                            }
                        },
                        "Initialize_variable": {
                            "runAfter": {},
                            "type": "InitializeVariable",
                            "inputs": {
                                "variables": [
                                    {
                                        "name": "dubizzleQuery",
                                        "type": "String"
                                    }
                                ]
                            }
                        },
                        "Initialize_variable_2": {
                            "runAfter": {
                                "Initialize_variable": [
                                    "Succeeded"
                                ]
                            },
                            "type": "InitializeVariable",
                            "inputs": {
                                "variables": [
                                    {
                                        "name": "partitionKey",
                                        "type": "String"
                                    }
                                ]
                            }
                        },
                        "Initialize_variable_3": {
                            "runAfter": {
                                "Initialize_variable_2": [
                                    "Succeeded"
                                ]
                            },
                            "type": "InitializeVariable",
                            "inputs": {
                                "variables": [
                                    {
                                        "name": "rowKey",
                                        "type": "String"
                                    }
                                ]
                            }
                        },
                        "Initialize_variable_4": {
                            "runAfter": {
                                "Initialize_variable_3": [
                                    "Succeeded"
                                ]
                            },
                            "type": "InitializeVariable",
                            "inputs": {
                                "variables": [
                                    {
                                        "name": "username",
                                        "type": "String"
                                    }
                                ]
                            }
                        },
                        "Initialize_variable_5": {
                            "runAfter": {
                                "Initialize_variable_4": [
                                    "Succeeded"
                                ]
                            },
                            "type": "InitializeVariable",
                            "inputs": {
                                "variables": [
                                    {
                                        "name": "Content",
                                        "type": "string",
                                        "value": "\"\""
                                    }
                                ]
                            }
                        },
                        "ParseQueriesResult": {
                            "runAfter": {
                                "Get_entities": [
                                    "Succeeded"
                                ]
                            },
                            "type": "ParseJson",
                            "inputs": {
                                "content": "@body('Get_entities')?['value']",
                                "schema": {
                                    "items": {
                                        "properties": {
                                            "description": {
                                                "type": "string"
                                            },
                                            "dubizzleQuery": {
                                                "type": "string"
                                            },
                                            "queryName": {
                                                "type": "string"
                                            },
                                            "username": {
                                                "type": "string"
                                            }
                                        },
                                        "required": [
                                            "username",
                                            "queryName",
                                            "description",
                                            "dubizzleQuery"
                                        ],
                                        "type": "object"
                                    },
                                    "type": "array"
                                }
                            }
                        }
                    },
                    "outputs": {}
                },
                "parameters": {
                    "$connections": {
                        "value": {
                            "azuretables": {
                                "connectionId": "[resourceId('Microsoft.Web/connections', parameters('connections_azuretables_name'))]",
                                "connectionName": "azuretables",
                                "id": "/subscriptions/377e516c-fc36-4eb1-a32a-9cd7b4b3f125/providers/Microsoft.Web/locations/uaenorth/managedApis/azuretables"
                            }
                        }
                    }
                }
            }
        },
        {
            "type": "Microsoft.Storage/storageAccounts/blobServices/containers",
            "apiVersion": "2021-09-01",
            "name": "[concat(parameters('storageAccounts_dubiparserstorage_name'), '/default/azure-webjobs-hosts')]",
            "dependsOn": [
                "[resourceId('Microsoft.Storage/storageAccounts/blobServices', parameters('storageAccounts_dubiparserstorage_name'), 'default')]",
                "[resourceId('Microsoft.Storage/storageAccounts', parameters('storageAccounts_dubiparserstorage_name'))]"
            ],
            "properties": {
                "immutableStorageWithVersioning": {
                    "enabled": false
                },
                "defaultEncryptionScope": "$account-encryption-key",
                "denyEncryptionScopeOverride": false,
                "publicAccess": "None"
            }
        },
        {
            "type": "Microsoft.Storage/storageAccounts/blobServices/containers",
            "apiVersion": "2021-09-01",
            "name": "[concat(parameters('storageAccounts_dubiparserstorage_name'), '/default/azure-webjobs-secrets')]",
            "dependsOn": [
                "[resourceId('Microsoft.Storage/storageAccounts/blobServices', parameters('storageAccounts_dubiparserstorage_name'), 'default')]",
                "[resourceId('Microsoft.Storage/storageAccounts', parameters('storageAccounts_dubiparserstorage_name'))]"
            ],
            "properties": {
                "immutableStorageWithVersioning": {
                    "enabled": false
                },
                "defaultEncryptionScope": "$account-encryption-key",
                "denyEncryptionScopeOverride": false,
                "publicAccess": "None"
            }
        },
        {
            "type": "Microsoft.Storage/storageAccounts/blobServices/containers",
            "apiVersion": "2021-09-01",
            "name": "[concat(parameters('storageAccounts_dubiparserstorage_name'), '/default/scm-releases')]",
            "dependsOn": [
                "[resourceId('Microsoft.Storage/storageAccounts/blobServices', parameters('storageAccounts_dubiparserstorage_name'), 'default')]",
                "[resourceId('Microsoft.Storage/storageAccounts', parameters('storageAccounts_dubiparserstorage_name'))]"
            ],
            "properties": {
                "immutableStorageWithVersioning": {
                    "enabled": false
                },
                "defaultEncryptionScope": "$account-encryption-key",
                "denyEncryptionScopeOverride": false,
                "publicAccess": "None"
            }
        },
        {
            "type": "Microsoft.Storage/storageAccounts/fileServices/shares",
            "apiVersion": "2021-09-01",
            "name": "[concat(parameters('storageAccounts_dubiparserstorage_name'), '/default/dubiparser15bd4e')]",
            "dependsOn": [
                "[resourceId('Microsoft.Storage/storageAccounts/fileServices', parameters('storageAccounts_dubiparserstorage_name'), 'default')]",
                "[resourceId('Microsoft.Storage/storageAccounts', parameters('storageAccounts_dubiparserstorage_name'))]"
            ],
            "properties": {
                "accessTier": "TransactionOptimized",
                "shareQuota": 5120,
                "enabledProtocols": "SMB"
            }
        },
        {
            "type": "Microsoft.Storage/storageAccounts/fileServices/shares",
            "apiVersion": "2021-09-01",
            "name": "[concat(parameters('storageAccounts_dubiparserstorage_name'), '/default/dubiparserfunction9ff3b3')]",
            "dependsOn": [
                "[resourceId('Microsoft.Storage/storageAccounts/fileServices', parameters('storageAccounts_dubiparserstorage_name'), 'default')]",
                "[resourceId('Microsoft.Storage/storageAccounts', parameters('storageAccounts_dubiparserstorage_name'))]"
            ],
            "properties": {
                "accessTier": "TransactionOptimized",
                "shareQuota": 5120,
                "enabledProtocols": "SMB"
            }
        },
        {
            "type": "Microsoft.Storage/storageAccounts/tableServices/tables",
            "apiVersion": "2021-09-01",
            "name": "[concat(parameters('storageAccounts_dubiparserstorage_name'), '/default/listings')]",
            "dependsOn": [
                "[resourceId('Microsoft.Storage/storageAccounts/tableServices', parameters('storageAccounts_dubiparserstorage_name'), 'default')]",
                "[resourceId('Microsoft.Storage/storageAccounts', parameters('storageAccounts_dubiparserstorage_name'))]"
            ],
            "properties": {}
        },
        {
            "type": "Microsoft.Storage/storageAccounts/tableServices/tables",
            "apiVersion": "2021-09-01",
            "name": "[concat(parameters('storageAccounts_dubiparserstorage_name'), '/default/queries')]",
            "dependsOn": [
                "[resourceId('Microsoft.Storage/storageAccounts/tableServices', parameters('storageAccounts_dubiparserstorage_name'), 'default')]",
                "[resourceId('Microsoft.Storage/storageAccounts', parameters('storageAccounts_dubiparserstorage_name'))]"
            ],
            "properties": {}
        },
        {
            "type": "Microsoft.Storage/storageAccounts/tableServices/tables",
            "apiVersion": "2021-09-01",
            "name": "[concat(parameters('storageAccounts_dubiparserstorage_name'), '/default/users')]",
            "dependsOn": [
                "[resourceId('Microsoft.Storage/storageAccounts/tableServices', parameters('storageAccounts_dubiparserstorage_name'), 'default')]",
                "[resourceId('Microsoft.Storage/storageAccounts', parameters('storageAccounts_dubiparserstorage_name'))]"
            ],
            "properties": {}
        }
    ]
}